species	bodymass_g	bodymass_notes	bodymass_source	size_cm	bodysize_notes	bodysize_source	fecundity	fecundity_notes	fecundity_source	longevity_years	longevity_notes	longevity_source	propagule_size_cm	propagule_notes	propagule_source	mass	size	propagule	log10_size	log10_mass	log10_propagule	common_name	family	order	class	phylum	number_of_inds	contigs_number	average_length_of_contigs	SNP_number	piS	piN	piNpiS	fit	invasive_status	maximal_geoographic_distance	mean_geographic_distance	mean_distance_from_equator	genus
Abatus agassizi	9.28	NA	2	2.45	NA	1	0.299	A. cordatus	86	NA	NA	NA	0.2	A. cordatus	86	0.00928	0.0245	0.002	-1.6108339156354674	-2.032452023781138	-2.6989700043360187	heart urchin	Schizasteridae	Spatangoida	Echnoidea	Echinodermata	2	2614	167	7604	0.00727197	0.00212556	0.292295	-0.268249	0	2637465.29479939	938125.587329787	61.2774529565217	Abatus
Abatus cordatus	9.28	NA	2	2.77	NA	2	0.299	NA	86	NA	NA	NA	0.2	NA	86	0.00928	0.0277	0.002	-1.5575202309355514	-2.032452023781138	-2.6989700043360187	heart urchin	Schizasteridae	Spatangoida	Echnoidea	Echinodermata	8	1470	100	2989	0.00282628	8.29958e-4	0.293658	-0.0257053	0	874677.426492342	244883.914255201	49.9180025714286	Abatus
Allolobophora chlorotica	0.3	NA	48	5.5	NA	3	0.74	NA	69	1.25	NA	69	0.0238	NA	6987	3e-4	0.055	2.38e-4	-1.2596373105057561	-3.5228787452803374	-3.623423042943488	earthworm	Lumbricidae	Haplotaxida	"NA"	Annelida	2	9445	133	87036	0.0417953	0.00429348	0.102726	-0.108575	0	13968483.5487737	735993.25553094	51.8306171861668	Allolobophora
Allolobophora chlorotica	0.3	NA	48	5.5	NA	3	0.74	NA	69	1.25	NA	69	0.0238	NA	6987	3e-4	0.055	2.38e-4	-1.2596373105057561	-3.5228787452803374	-3.623423042943488	earthworm	Lumbricidae	Haplotaxida	"NA"	Annelida	2	5852	135	47357	0.0378199	0.0033035	0.0873484	0.0126396	0	13968483.5487737	736144.329460593	51.8340574959922	Allolobophora
Allolobophora chlorotica	0.3	NA	48	5.5	NA	3	0.74	NA	69	1.25	NA	69	0.0238	NA	6987	3e-4	0.055	2.38e-4	-1.2596373105057561	-3.5228787452803374	-3.623423042943488	earthworm	Lumbricidae	Haplotaxida	"NA"	Annelida	8	20222	50	230609	0.0553005	0.00513112	0.0927863	0.437587	0	13968483.5487737	738650.738786427	51.8213801018674	Allolobophora
Allolobophora chlorotica	0.3	NA	48	5.5	NA	3	0.74	NA	69	1.25	NA	69	0.0238	NA	6987	3e-4	0.055	2.38e-4	-1.2596373105057561	-3.5228787452803374	-3.623423042943488	earthworm	Lumbricidae	Haplotaxida	"NA"	Annelida	2	9445	133	87036	0.0417953	0.00429348	0.102726	-0.108575	0	13968483.5487737	735993.25553094	51.8306171861668	Allolobophora
Allolobophora chlorotica	0.3	NA	48	5.5	NA	3	0.74	NA	69	1.25	NA	69	0.0238	NA	6987	3e-4	0.055	2.38e-4	-1.2596373105057561	-3.5228787452803374	-3.623423042943488	earthworm	Lumbricidae	Haplotaxida	"NA"	Annelida	2	5852	135	47357	0.0378199	0.0033035	0.0873484	0.0126396	0	13968483.5487737	736144.329460593	51.8340574959922	Allolobophora
Allolobophora chlorotica	0.3	NA	48	5.5	NA	3	0.74	NA	69	1.25	NA	69	0.0238	NA	6987	3e-4	0.055	2.38e-4	-1.2596373105057561	-3.5228787452803374	-3.623423042943488	earthworm	Lumbricidae	Haplotaxida	"NA"	Annelida	8	20222	50	230609	0.0553005	0.00513112	0.0927863	0.437587	0	13968483.5487737	738650.738786427	51.8213801018674	Allolobophora
Allolobophora chlorotica	0.3	NA	48	5.5	NA	3	0.74	NA	69	1.25	NA	69	0.0238	NA	6987	3e-4	0.055	2.38e-4	-1.2596373105057561	-3.5228787452803374	-3.623423042943488	earthworm	Lumbricidae	Haplotaxida	"NA"	Annelida	2	9445	133	87036	0.0417953	0.00429348	0.102726	-0.108575	0	13968483.5487737	735993.25553094	51.8306171861668	Allolobophora
Allolobophora chlorotica	0.3	NA	48	5.5	NA	3	0.74	NA	69	1.25	NA	69	0.0238	NA	6987	3e-4	0.055	2.38e-4	-1.2596373105057561	-3.5228787452803374	-3.623423042943488	earthworm	Lumbricidae	Haplotaxida	"NA"	Annelida	2	5852	135	47357	0.0378199	0.0033035	0.0873484	0.0126396	0	13968483.5487737	736144.329460593	51.8340574959922	Allolobophora
Allolobophora chlorotica	0.3	NA	48	5.5	NA	3	0.74	NA	69	1.25	NA	69	0.0238	NA	6987	3e-4	0.055	2.38e-4	-1.2596373105057561	-3.5228787452803374	-3.623423042943488	earthworm	Lumbricidae	Haplotaxida	"NA"	Annelida	8	20222	50	230609	0.0553005	0.00513112	0.0927863	0.437587	0	13968483.5487737	738650.738786427	51.8213801018674	Allolobophora
Aporrectodea icterica	0.95	NA	49	9.5	NA	4	2.67	NA	108	NA	NA	NA	0.0411	Estimated from the ratio adult/propagule size of A. chlorotica	6987	9.5e-4	0.095	4.1099999999999996e-4	-1.0222763947111522	-3.0222763947111524	-3.3861581781239307	earthworm	Lumbricidae	Haplotaxida	"NA"	Annelida	2	3281	138	21954	0.0265455	0.00397339	0.149683	0.0395112	0	1358763.96128087	523466.605931041	51.4743171351351	Aporrectodea
Aptenodytes patagonicus	11800	NA	5	90	NA	5	0.0027	NA	5	41	NA	70	90	As adult size	5	11.8	0.9	0.9	-0.045757490560675115	1.0718820073061255	-0.045757490560675115	king penguin	Spheniscidae	Sphenisciformes	Aves	Chordata	10	2299	96	5840	0.00263499	4.56911e-4	0.173402	-0.0153924	0	9216300.81308897	1159946.38792706	52.8009523018084	Aptenodytes
Armadillidium nasatum	0.04	NA	50	1.8	NA	6	0.959	A. vulgare	109110	3.42	NA	71	0.12	A. vulgare	88	4e-5	0.018000000000000002	0.0012	-1.744727494896694	-4.3979400086720375	-2.9208187539523753	pill woodlouse	Armadillidiidae	Isopoda	Malacostraca	Arthropoda	2	5515	193	33749	0.0185015	0.00233782	0.126358	-0.0534897	0	15895001.6737585	544299.637760375	50.9896691552215	Armadillidium
Armadillidium vulgare	0.04	NA	50	1.8	NA	6	0.959	NA	109110	3.42	NA	71	0.12	NA	88	4e-5	0.018000000000000002	0.0012	-1.744727494896694	-4.3979400086720375	-2.9208187539523753	pill woodlouse	Armadillidiidae	Isopoda	Malacostraca	Arthropoda	10	10745	108	119157	0.0187064	0.00193442	0.103409	0.247406	0	19668742.7082154	878551.137131015	50.7398641616533	Armadillidium
Artemia franciscana	0.004	Estimated (dry to wet weight)	5147	1	NA	7	40	NA	111	4	NA	72	0.051	NA	89	4e-6	0.01	5.099999999999999e-4	-2	-5.3979400086720375	-3.2924298239020637	brine shrimp	Artemiidae	Anostraca	Branchiopoda	Arthropoda	10	8256	74	38951	0.01072	0.00132105	0.123232	0.435482	1	11372488.481114	4662503.97711813	19.11626	Artemia
Artemia salina	0.004	Estimated (dry to wet weight)	5147	1	NA	7	40	NA	111	4	A. franciscana	72	0.051	NA	89	4e-6	0.01	5.099999999999999e-4	-2	-5.3979400086720375	-3.2924298239020637	brine shrimp	Artemiidae	Anostraca	Branchiopoda	Arthropoda	2	10239	152	17335	0.0059074	0.00103201	0.174699	0.52476	0	15862258.4133176	6039055.69633568	31.6343283809524	Artemia
Artemia sinica	0.004	Estimated (dry to wet weight)	5147	1	NA	7	40	NA	111	4	A. franciscana	72	0.051	NA	89	4e-6	0.01	5.099999999999999e-4	-2	-5.3979400086720375	-3.2924298239020637	brine shrimp	Artemiidae	Anostraca	Branchiopoda	Arthropoda	2	8865	143	13527	0.00492781	0.00108834	0.220858	-0.0648536	0	0	0	35.026412	Artemia
Artemia tibetana	0.004	Estimated (dry to wet weight)	5147	1	NA	7	40	NA	111	4	A. franciscana	72	0.051	NA	89	4e-6	0.01	5.099999999999999e-4	-2	-5.3979400086720375	-3.2924298239020637	brine shrimp	Artemiidae	Anostraca	Branchiopoda	Arthropoda	2	9018	141	14589	0.00535856	0.0011456700000000001	0.213801	-0.0619925	0	0	0	32.05	Artemia
Bostrycapulus aculeatus	NA	NA	NA	2.5	NA	8	NA	NA	NA	NA	NA	NA	0.084	NA	90	NA	0.025	8.4e-4	-1.6020599913279623	NA	-3.0757207139381184	spiny slipper snail	Calyptraeidae	"NA"	Gastropoda	Mollusca	2	3025	137	53288	0.0834581	0.00687903	0.082425	0.430603	0	18351069.7205869	5402366.34902977	27.940921644	Bostrycapulus
Caenorhabditis brenneri	5.12e-6	Estimated from length and diameter	952	0.15	NA	9	77.8	C. elegans	112	0.16	C. elegans	53	0.0052	NA	9	5.1200000000000005e-9	0.0015	5.2e-5	-2.8239087409443187	-8.290730039024169	-4.2839966563652006	soil roundworm	Rhabditidae	Rhabditida	Chromadorea	Nematoda	10	972	65	10574	0.032215	0.0012752	0.039584	0.159726	0	18548390.6369338	8512714.22935753	5.12451260833333	Caenorhabditis
Caenorhabditis sp.10	5.12e-6	Estimated from length and diameter	952	0.15	NA	9	77.8	C. elegans	112	0.16	C. elegans	53	0.0052	C. brenneri	9	5.1200000000000005e-9	0.0015	5.2e-5	-2.8239087409443187	-8.290730039024169	-4.2839966563652006	soil roundworm	Rhabditidae	Rhabditida	Chromadorea	Nematoda	2	1821	89	11329	0.049318	0.00252804	0.0512601	-0.15632	0	35133.4914586972	17566.7457293486	9.5702026	Caenorhabditis
Callithrix jacchus	255	NA	53	13.5	NA	10	0.011	NA	53	22.8	NA	53	9.42	NA	53	0.255	0.135	0.0942	-0.8696662315049939	-0.5934598195660449	-1.0259490972071226	NA	NA	NA	NA	NA	NA	NA	NA	NA	NA	NA	NA	NA	NA	NA	NA	NA	Callithrix
Camponotus aethiops	NA	NA	NA	1.4	Measured (queen)	NA	0.266	Pogonomyrmex barbatus	113	26	C. fellah	73	1.4	As adult size	NA	NA	0.013999999999999999	0.013999999999999999	-1.853871964321762	NA	-1.853871964321762	carpenter ant	Formicidae	Hymenoptera	Insecta	Arthropoda	2	7064	257	12524	0.00332756	7.63558e-4	0.229465	-0.258939	0	505854.373823627	252927.186911814	44.54369585	Camponotus
Camponotus ligniperdus	NA	NA	NA	1.9	Measured (queen)	NA	0.266	Pogonomyrmex barbatus	113	26	C. fellah	73	1.9	As adult size	NA	NA	0.019	0.019	-1.7212463990471711	NA	-1.7212463990471711	carpenter ant	Formicidae	Hymenoptera	Insecta	Arthropoda	4	5333	173	4462	0.00164517	4.11326e-4	0.250021	-0.2279	0	2110292.07949836	744254.362893909	55.7438202531915	Camponotus
Carcinus aestuarii	8.05	NA	11	2.79	NA	11	348	NA	11	7	C. maenas	74	0.136	C. maenas	91	0.00805	0.0279	0.00136	-1.5543957967264024	-2.0942041196321317	-2.8664610916297826	European green crab	Carcinidae	Decapoda	Malacostraca	Arthropoda	2	5064	192	14927	0.00871331	0.0011467	0.131604	-0.140233	0	10770703.7269961	2456076.94880781	39.4224012627119	Carcinus
Chelonoidis nigra	175000	NA	12	110	NA	12	0.0274	NA	12	177	NA	53	6.7	NA	92	175	1.1	0.067	0.04139268515822508	2.2430380486862944	-1.1739251972991736	giant Galapagos tortoise	Testudinidae	Testudines	"NA"	Chordata	5	1805	103	1759	0.00163381	6.12667e-4	0.374993	-0.104151	0	16697851.4913511	766530.842276402	0.702208669428571	Chelonoidis
Chlorocebus aethiops	5620	NA	53	50	NA	13	0.0027	NA	53	30.1	NA	53	28.5	NA	53	5.62	0.5	0.285	-0.3010299956639812	0.7497363155690611	-0.5451551399914898	NA	NA	NA	NA	NA	NA	NA	NA	NA	NA	NA	NA	NA	NA	NA	NA	NA	Chlorocebus
Ciona intestinalis	29.7	Estimated (for a 150 mm length)	54	15.5	NA	14	1000	NA	54	3	NA	14	0.016	NA	14	0.0297	0.155	1.6e-4	-0.8096683018297085	-1.5272435506827877	-3.795880017344075	vase tunicate	Cionidae	Enterogona	Ascidiacea	Chordata	10	2722	74	42351	0.0533579	0.00297222	0.0557034	0.109717	1	17758566.4284904	1968638.43795712	53.2383425927054	Ciona
Ciona intestinalis	29.7	Estimated (for a 150 mm length)	54	15.5	NA	14	1000	NA	54	3	NA	14	0.016	NA	14	0.0297	0.155	1.6e-4	-0.8096683018297085	-1.5272435506827877	-3.795880017344075	vase tunicate	Cionidae	Enterogona	Ascidiacea	Chordata	10	2989	72	13922	0.0153244	0.00167996	0.109627	0.0578054	1	17687003.1342294	1977029.80395023	53.2026049518406	Ciona
Ciona intestinalis	29.7	Estimated (for a 150 mm length)	54	15.5	NA	14	1000	NA	54	3	NA	14	0.016	NA	14	0.0297	0.155	1.6e-4	-0.8096683018297085	-1.5272435506827877	-3.795880017344075	vase tunicate	Cionidae	Enterogona	Ascidiacea	Chordata	10	2722	74	42351	0.0533579	0.00297222	0.0557034	0.109717	1	17758566.4284904	1968638.43795712	53.2383425927054	Ciona
Ciona intestinalis	29.7	Estimated (for a 150 mm length)	54	15.5	NA	14	1000	NA	54	3	NA	14	0.016	NA	14	0.0297	0.155	1.6e-4	-0.8096683018297085	-1.5272435506827877	-3.795880017344075	vase tunicate	Cionidae	Enterogona	Ascidiacea	Chordata	10	2989	72	13922	0.0153244	0.00167996	0.109627	0.0578054	1	17687003.1342294	1977029.80395023	53.2026049518406	Ciona
Crepidula fornicata	2.1	NA	55	3.5	NA	14	548	NA	114	10	NA	14	0.0182	NA	93	0.0021000000000000003	0.035	1.82e-4	-1.4559319556497243	-2.6777807052660805	-3.7399286120149253	common slipper shell	Calyptraeidae	"NA"	Gastropoda	Mollusca	8	2858	115	31384	0.0225892	0.0019975	0.0884274	0.144093	1	18328725.6156706	2384391.80443539	47.9638475310111	Crepidula
Crepidula plana	NA	NA	NA	1	NA	15	3.29	NA	15	2	NA	15	0.0136	NA	93	NA	0.01	1.36e-4	-2	NA	-3.8664610916297826	eastern white slipper snail	Calyptraeidae	"NA"	Gastropoda	Mollusca	2	1651	166	11518	0.0250816	0.0025782	0.102792	-0.0894611	0	18794871.5475561	1790521.31386773	35.5538042247765	Crepidula
Culex hortensis	0.0025	NA	56	0.5	Measured (female)	NA	100	NA	115	0.205	C. pipiens	75	0.08	NA	94	2.5e-6	0.005	8e-4	-2.3010299956639813	-5.6020599913279625	-3.0969100130080562	garden mosquito	Culicidae	Diptera	Insecta	Arthropoda	2	13133	90	58034	0.0327737	0.00172608	0.0526667	0.000231031	0	3967011.59096697	595549.346388825	34.3377003819095	Culex
Culex pipiens	0.0025	NA	56	0.5	Measured (female)	NA	100	NA	115	0.205	NA	75	0.08	NA	94	2.5e-6	0.005	8e-4	-2.3010299956639813	-5.6020599913279625	-3.0969100130080562	common house mosquito	Culicidae	Diptera	Insecta	Arthropoda	10	3290	111	84967	0.0412972	0.00112016	0.0271243	0.418858	0	18727447.1131568	3121366.14704894	38.5432367285563	Culex
Culex torrentium	0.0025	NA	56	0.5	Measured (female)	NA	100	NA	115	0.205	C. pipiens	75	0.08	NA	94	2.5e-6	0.005	8e-4	-2.3010299956639813	-5.6020599913279625	-3.0969100130080562	torrent mosquito	Culicidae	Diptera	Insecta	Arthropoda	2	10630	126	34825	0.0163186	0.0012241	0.0750124	-0.0185666	0	1884354.71261585	264341.511513314	52.0308795761905	Culex
Cystodytes dellechiajei	9.03e-4	Estimated (dry to wet weight)	4757	0.5	NA	16	NA	NA	NA	NA	NA	NA	0.1	NA	16	9.030000000000001e-7	0.005	0.001	-2.3010299956639813	-6.044312249686494	-3	colonial tunicate	Polycitoridae	Enterogona	Ascidiacea	Chordata	5	9322	99	109045	0.0423533	0.00565209	0.133451	0.600973	0	19652366.6803514	6897655.82085272	12.2296662089552	Cystodytes
Cystodytes dellechiajei	9.03e-4	Estimated (dry to wet weight)	4757	0.5	NA	16	NA	NA	NA	NA	NA	NA	0.1	NA	16	9.030000000000001e-7	0.005	0.001	-2.3010299956639813	-6.044312249686494	-3	colonial tunicate	Polycitoridae	Enterogona	Ascidiacea	Chordata	2	12704	180	142132	0.0356235	0.00596127	0.167341	0.730887	0	19652366.6803514	6897655.82085272	12.2296662089552	Cystodytes
Cystodytes dellechiajei	9.03e-4	Estimated (dry to wet weight)	4757	0.5	NA	16	NA	NA	NA	NA	NA	NA	0.1	NA	16	9.030000000000001e-7	0.005	0.001	-2.3010299956639813	-6.044312249686494	-3	colonial tunicate	Polycitoridae	Enterogona	Ascidiacea	Chordata	5	9322	99	109045	0.0423533	0.00565209	0.133451	0.600973	0	19652366.6803514	6897655.82085272	12.2296662089552	Cystodytes
Cystodytes dellechiajei	9.03e-4	Estimated (dry to wet weight)	4757	0.5	NA	16	NA	NA	NA	NA	NA	NA	0.1	NA	16	9.030000000000001e-7	0.005	0.001	-2.3010299956639813	-6.044312249686494	-3	colonial tunicate	Polycitoridae	Enterogona	Ascidiacea	Chordata	2	12704	180	142132	0.0356235	0.00596127	0.167341	0.730887	0	19652366.6803514	6897655.82085272	12.2296662089552	Cystodytes
Echinocardium cordatum	38	NA	58	6.5	NA	14	2740	NA	14	10	NA	36	0.0075	NA	58	0.038	0.065	7.5e-5	-1.1870866433571443	-1.4202164033831899	-4.1249387366083	heart urchin	Loveniidae	Spatangoida	Echnoidea	Echinodermata	7	8608	71	121585	0.0523593	0.00348659	0.0665897	0.0227751	0	19728516.06562	2858191.58109581	48.2777110484006	Echinocardium
Echinocardium mediterraneum	38	NA	58	4.5	NA	17	2740	E. cordatum	14	10	NA	36	0.0075	E. cordatum	58	0.038	0.045	7.5e-5	-1.3467874862246563	-1.4202164033831899	-4.1249387366083	heart urchin	Loveniidae	Spatangoida	Echnoidea	Echinodermata	7	7232	100	64653	0.0210419	0.00215052	0.102202	0.00932114	0	2206505.07755704	833290.242475757	42.187790825	Echinocardium
Emys orbicularis	977	NA	59	25	NA	18	0.0877	NA	116	120	NA	53	2	NA	18	0.977	0.25	0.02	-0.6020599913279624	-0.010105436281226938	-1.6989700043360187	European pond turtle	Emydidae	Testudines	"NA"	Chordata	10	2029	76	3402	0.00411023	5.53684e-4	0.134709	0.344851	0	10565561.616955	981673.90625304	43.0325431143505	Emys
Eudyptes filholi	2500	NA	19	55	NA	19	0.0055	NA	19	29	NA	19	55	As adult size	19	2.5	0.55	0.55	-0.2596373105057561	0.3979400086720376	-0.2596373105057561	eastern rockhopper penguin	Spheniscidae	Sphenisciformes	Aves	Chordata	4	1497	159	2749	0.00424895	5.37389e-4	0.126476	-0.0291077	0	8184382.8828419	1856885.98937934	54.2044437714286	Eudyptes
Eudyptes moseleyi	2500	NA	19	55	NA	19	0.0055	NA	19	29	NA	19	55	As adult size Estimated from the juvenile size / adult size ratio of Varecia variegata	19	2.5	0.55	0.55	-0.2596373105057561	0.3979400086720376	-0.2596373105057561	northern rockhopper penguin	Spheniscidae	Sphenisciformes	Aves	Chordata	4	1839	146	2331	0.00296217	4.53794e-4	0.153196	-0.0208097	0	18592738.1320884	5204800.0623082	23.9962060076923	Eudyptes
Eulemur coronatus	2500	NA	53	34	NA	20	0.0041	NA	53	27	NA	53	31.4	As adult size Estimated from the juvenile size / adult size ratio of Varecia variegata	53	2.5	0.34	0.314	-0.46852108295774486	0.3979400086720376	-0.5030703519267851	NA	NA	NA	NA	NA	NA	NA	NA	NA	NA	NA	NA	NA	NA	NA	NA	NA	Eulemur
Eulemur mongoz	2060	NA	53	35	NA	21	0.003	NA	53	36.2	NA	53	32.3	NA	53	2.06	0.35	0.32299999999999995	-0.4559319556497244	0.31386722036915343	-0.4907974776688972	NA	NA	NA	NA	NA	NA	NA	NA	NA	NA	NA	NA	NA	NA	NA	NA	NA	Eulemur
Eunicella cavolinii	NA	NA	NA	30	NA	22	33.1	E. verrucosa	117	100	NA	14	0.25	NA	22	NA	0.3	0.0025	-0.5228787452803376	NA	-2.6020599913279625	gorgonian	Gorgoniidae	Alcyonacea	Anthozoa	Cnidaria	8	7170	51	23417	0.01249	0.00160645	0.128618	0.304238	0	2098873.04581293	857730.307891474	40.8247432092556	Eunicella
Eunicella verrucosa	NA	NA	NA	37.5	NA	14	33.1	NA	117	100	NA	14	0.25	NA	95	NA	0.375	0.0025	-0.42596873227228116	NA	-2.6020599913279625	gorgonian	Gorgoniidae	Alcyonacea	Anthozoa	Cnidaria	2	12040	103	31628	0.0146539	0.00185025	0.126263	-0.0109251	0	6093482.16951184	270354.551315249	50.3727724427005	Eunicella
Galago senegalensis	192	NA	53	13	NA	23	0.0082	NA	53	17.1	NA	76	10.5	NA	53	0.192	0.13	0.105	-0.8860566476931632	-0.7166987712964504	-0.978810700930062	NA	NA	NA	NA	NA	NA	NA	NA	NA	NA	NA	NA	NA	NA	NA	NA	NA	Galago
Halictus scabiosae	0.093	Estimated (dry to wet weight)	4760	1.5	Measured (female)	NA	NA	NA	NA	1	NA	77	1.5	As adult size	NA	9.3e-5	0.015	0.015	-1.8239087409443189	-4.031517051446065	-1.8239087409443189	sweat bee	Halictidae	Hymenoptera	Insecta	Arthropoda	11	3287	99	3779	0.00211062	2.60425e-4	0.123388	0.0275652	0	2754140.37263147	367194.735735161	48.7748134389049	Halictus
Hippocampus guttulatus	4.76	Estimated from size	61	13.3	NA	24	2.47	NA	118	7	NA	61	1.2	NA	61	0.0047599999999999995	0.133	0.012	-0.8761483590329142	-2.322393047279507	-1.9208187539523751	long-snouted seahorse	Syngnathidae	Syngnathiformes	Actinopteri	Chordata	6	9678	109	7099	0.00162526	3.84113e-4	0.236339	0.12962	0	18656046.1526121	2811907.4063277	36.0528109712963	Hippocampus
Hippocampus hippocampus	1.85	Estimated from size	61	10	NA	24	2.47	H. guttulatus	118	7	H. guttulatus	61	1.2	NA	61	0.00185	0.1	0.012	-1	-2.7328282715969863	-1.9208187539523751	short-snouted seahorse	Syngnathidae	Syngnathiformes	Actinopteri	Chordata	2	11697	204	20906	0.00402748	8.61628e-4	0.213937	-0.0534427	0	18998392.336364	2278482.45847911	41.836874451497	Hippocampus
Hippocampus kuda	3.41	Estimated from size	61	12	NA	25	2.47	H. guttulatus	118	7	H. guttulatus	61	0.7	NA	25	0.0034100000000000003	0.12	0.006999999999999999	-0.9208187539523752	-2.4672456210075024	-2.154901959985743	spotted seahorse	Syngnathidae	Syngnathiformes	Actinopteri	Chordata	2	17078	271	14052	0.00118422	4.10586e-4	0.346715	-0.417884	0	18816246.5557847	6599669.11067154	0.0699891457142858	Hippocampus
Homo sapiens	62000	NA	53	163	NA	26	0.0016	NA	53	123	NA	53	93.4	NA	53	62	1.63	0.934	0.21218760440395779	1.792391689498254	-0.029653123769906618	NA	NA	NA	NA	NA	NA	NA	NA	NA	NA	NA	NA	NA	NA	NA	NA	NA	Homo
Leptogorgia sarmentosa	NA	NA	NA	40	NA	27	NA	NA	NA	NA	NA	NA	0.019	NA	27	NA	0.4	1.8999999999999998e-4	-0.3979400086720376	NA	-3.721246399047171	gorgonian	Gorgoniidae	Alcyonacea	Anthozoa	Cnidaria	2	13702	97	45353	0.0207234	0.002104	0.101528	0.0105911	0	16478650.1142486	2908768.19487288	27.3932023037067	Leptogorgia
Lepus granatensis	2440	NA	28	45.9	NA	28	0.0198	NA	119	18	Lepus timidus	53	31.6	NA	96	2.44	0.45899999999999996	0.316	-0.3381873144627388	0.3873898263387294	-0.5003129173815962	Iberian hare	Leporidae	Lagomorpha	Mammalia	Chordata	10	2504	85	4770	0.00397721	5.12409e-4	0.128836	0.022117	0	1107879.64901227	338568.031144583	39.7464607945734	Lepus
Liocarcinus depurator	NA	NA	NA	5.1	NA	29	630	NA	120	4	NA	78	0.129	NA	98	NA	0.051	0.0012900000000000001	-1.2924298239020637	NA	-2.889410289700751	harbour crab	Carcinidae	Decapoda	Malacostraca	Arthropoda	2	5252	186	23379	0.0148552	0.00126285	0.0850111	-0.0504474	0	7269774.49208259	567737.284469484	54.738339159368	Liocarcinus
Liocarcinus depurator	NA	NA	NA	5.1	NA	29	NA	NA	NA	4	NA	78	0.129	NA	98	NA	0.051	0.0012900000000000001	-1.2924298239020637	NA	-2.889410289700751	harbour crab	Carcinidae	Decapoda	Malacostraca	Arthropoda	2	5252	186	23379	0.0148552	0.00126285	0.0850111	-0.0504474	0	7269774.49208259	567737.284469484	54.738339159368	Liocarcinus
Lineus longissimus	NA	NA	NA	1000	NA	3031	NA	NA	NA	NA	NA	NA	0.02	NA	97	NA	0.0075	2e-4	1	NA	-3.6989700043360187	bootlace worm	Lineidae	Heteronemertea	Anopla	Nemertea	6	3852	106	26622	0.0177877	0.0015871	0.0892245	-0.01569	0	1462648.4442759	395142.979343726	54.9350419126739	Lineus
Lineus ruber	NA	NA	NA	5	NA	3032	NA	NA	NA	NA	NA	NA	0.5	NA	97	NA	0.05	0.005	-1.3010299956639813	NA	-2.3010299956639813	ribbon worm	Lineidae	Heteronemertea	Anopla	Nemertea	2	5255	142	15669	0.00963977	0.00232305	0.240987	-0.0510394	0	6150473.70367005	763056.367698509	53.7364758673367	Lineus
Macaca mulatta	8240	NA	53	55.5	NA	28	0.0023	NA	53	40	NA	53	31.1	Estimated from volume	53	8.24	0.555	0.311	-0.2557070168773237	0.9159272116971158	-0.5072396109731625	NA	NA	NA	NA	NA	NA	NA	NA	NA	NA	NA	NA	NA	NA	NA	NA	NA	Macaca
Melitaea cinxia	0.165	Personal communication (I. Hanski)	NA	3.96	NA	33	95.2	NA	121	1	NA	79	0.0556	Estimated from volume	33	1.65e-4	0.039599999999999996	5.56e-4	-1.4023048140744878	-3.7825160557860937	-3.2549252084179425	Glanville fritillary	Nymphalidae	Lepidoptera	Insecta	Arthropoda	10	4272	67	43631	0.0342226	0.00320756	0.0937264	0.516966	0	12224785.5848554	812922.085055415	52.8530831782899	Melitaea
Melitaea didyma	0.165	Personal communication (I. Hanski)	NA	4.4	NA	33	95.2	M. cinxia	121	1	NA	79	0.0713	Estimated from volume	33	1.65e-4	0.044000000000000004	7.13e-4	-1.3565473235138126	-3.7825160557860937	-3.1469104701481343	spotted fritillary	Nymphalidae	Lepidoptera	Insecta	Arthropoda	2	4181	132	28434	0.0307243	0.00349029	0.1136	-0.0144966	0	8855346.06897235	588576.298617851	47.0928389877224	Melitaea
Mellicta athalia	0.165	Personal communication (I. Hanski)	NA	3.9	NA	33	95.2	M. cinxia	121	1	NA	79	0.0644	Estimated from volume	33	1.65e-4	0.039	6.44e-4	-1.408935392973501	-3.7825160557860937	-3.191114132640188	heath fritillary	Nymphalidae	Lepidoptera	Insecta	Arthropoda	2	2843	130	16857	0.0268667	0.00316704	0.11788	0.0603555	0	13864669.2238737	1301616.37079394	47.6508730081967	Mellicta
Mellicta parthenoides	0.165	Personal communication (I. Hanski)	NA	3.9	NA	33	95.2	M. cinxia	121	1	NA	79	0.0644	NA	33	1.65e-4	0.039	6.44e-4	-1.408935392973501	-3.7825160557860937	-3.191114132640188	meadow fritillary	Nymphalidae	Lepidoptera	Insecta	Arthropoda	2	2375	111	7801	0.0164728	0.00240365	0.145917	-0.0506673	0	2359361.71052677	318900.077471845	45.6064932370487	Mellicta
Messor barbarus	0.14	Measured (queen)	NA	1.5	Measured (queen)	NA	0.266	Pogonomyrmex barbatus	113	20	Pogonomyrmex barbatus	80	1.5	As adult size	NA	1.4000000000000001e-4	0.015	0.015	-1.8239087409443189	-3.853871964321762	-1.8239087409443189	harvest ant	Formicidae	Hymenoptera	Insecta	Arthropoda	10	9393	156	40605	0.00580966	5.29119e-4	0.0910758	-0.334384	0	4267460.99544555	1367836.23236463	40.4497912490566	Messor
Microtus arvalis	27.5	NA	53	11.1	NA	28	0.0768	NA	53	4.8	NA	53	7.8	NA	53	0.0275	0.111	0.078	-0.9546770212133425	-1.5606673061697374	-1.1079053973095196	common vole	Cricetidae	Rodentia	Mammalia	Chordata	7	6463	143	35650	0.00849582	9.6359e-4	0.113419	0.346856	0	8218005.39234569	1104368.51753787	48.6194172367823	Microtus
Monodelphis domestica	105	NA	53	12.5	NA	34	0.0986	NA	53	5.1	NA	53	7.23	NA	53	0.105	0.125	0.0723	-0.9030899869919435	-0.978810700930062	-1.140861702705469	NA	NA	NA	NA	NA	NA	NA	NA	NA	NA	NA	NA	NA	NA	NA	NA	NA	Monodelphis
Mus musculus	20.5	NA	53	8	NA	35	0.104	NA	53	4	NA	53	6.06	NA	53	0.0205	0.08	0.060599999999999994	-1.0969100130080565	-1.6882461389442456	-1.2175273758337137	NA	NA	NA	NA	NA	NA	NA	NA	NA	NA	NA	NA	NA	NA	NA	NA	NA	Mus
Mytilus californianus	37.5	NA	62	7.5	NA	14	110000	M. edulis	14	25	NA	62	0.01	M. edulis	99	0.0375	0.075	1e-4	-1.1249387366083	-1.4259687322722812	-4	California mussel	Mytilidae	Mytiloida	Bivalvia	Mollusca	2	7680	165	43110	0.0197862	0.00248757	0.125722	-0.0105272	0	12247201.161931	1396819.17201869	44.2289802511416	Mytilus
Mytilus edulis	37.5	NA	62	7.5	NA	14	110000	NA	14	25	NA	62	0.01	NA	99	0.0375	0.075	1e-4	-1.1249387366083	-1.4259687322722812	-4	blue mussel	Mytilidae	Mytiloida	Bivalvia	Mollusca	4	6600	100	51728	0.0339066	0.0024297	0.0716585	0.0186252	0	19798972.5336077	1868406.7005138	52.422237193496	Mytilus
Mytilus galloprovincialis	37.5	NA	62	7.5	NA	14	110000	M. edulis	14	25	NA	62	0.01	M. edulis	99	0.0375	0.075	1e-4	-1.1249387366083	-1.4259687322722812	-4	Mediterranean mussel	Mytilidae	Mytiloida	Bivalvia	Mollusca	6	8561	81	74366	0.0334238	0.00225418	0.0674425	0.0723712	1	19558163.4953623	9472743.62568098	6.59365821031149	Mytilus
Mytilus trossulus	37.5	NA	62	7.5	NA	14	110000	M. edulis	14	25	NA	62	0.01	M. edulis	99	0.0375	0.075	1e-4	-1.1249387366083	-1.4259687322722812	-4	foolish mussel	Mytilidae	Mytiloida	Bivalvia	Mollusca	2	9892	130	136411	0.0692141	0.00570083	0.0823651	0.00916614	0	9953994.80371063	980487.324440241	56.5564467004405	Mytilus
Necora puber	90	NA	36	6	NA	36	1100	NA	36	10	NA	36	0.18	NA	36	0.09	0.06	0.0018	-1.2218487496163564	-1.0457574905606752	-2.744727494896694	velvet crab	Carcinidae	Decapoda	Malacostraca	Arthropoda	8	9233	168	34965	0.00591197	5.22356e-4	0.0883556	-0.0107796	0	4416242.41601824	453829.216082512	53.3852439969407	Necora
Nycticebus coucang	891	NA	53	30	NA	28	0.0027	NA	53	25.8	NA	53	25.1	NA	53	0.891	0.3	0.251	-0.5228787452803376	-0.0501222959631252	-0.6003262785189618	NA	NA	NA	NA	NA	NA	NA	NA	NA	NA	NA	NA	NA	NA	NA	NA	NA	Nycticebus
Ophioderma longicauda	2.18	NA	63	1.53	NA	37	1500	NA	122	NA	NA	NA	0.02	NA	100	0.00218	0.015300000000000001	2e-4	-1.8153085691824011	-2.661543506395395	-3.6989700043360187	brittle star	Ophiodermatidae	Ophiurida	Ophiuroidea	Echinodermata	5	1407	90	7401	0.0161113	0.0028924	0.179526	-0.00911235	0	6102972.73515049	1489674.62451701	36.7072043380282	Ophioderma
Ophioderma longicauda	2.18	NA	63	1.53	NA	37	1500	NA	122	NA	NA	NA	0.02	NA	100	0.00218	0.015300000000000001	2e-4	-1.8153085691824011	-2.661543506395395	-3.6989700043360187	brittle star	Ophiodermatidae	Ophiurida	Ophiuroidea	Echinodermata	2	6688	147	18513	0.00839587	0.00223977	0.26677	-0.279878	0	6102972.73515049	1513085.89133549	36.6653336323529	Ophioderma
Ostrea chilensis	268	Estimated (size to weight)	64	10	NA	38	416	NA	102	34	O. edulis	81	0.045	NA	102	0.268	0.1	4.5e-4	-1	-0.5718652059712112	-3.3467874862246565	dredge oyster	Ostreidae	Ostreoida	Bivalvia	Mollusca	2	2436	103	4068	0.00652548	0.00212351	0.325419	-0.258004	0	19184798.8515099	1960625.10319611	40.1656587609756	Ostrea
Ostrea edulis	268	Estimated (size to weight)	64	10	NA	38	5480	NA	14	34	NA	81	0.018	NA	103	0.268	0.1	1.7999999999999998e-4	-1	-0.5718652059712112	-3.744727494896694	European flat oyster	Ostreidae	Ostreoida	Bivalvia	Mollusca	10	2465	67	5570	0.00529649	9.40557e-4	0.177581	-0.000708434	1	19704691.019274	724541.305312912	51.8871033451248	Ostrea
Ostreola stentina	13.1	Estimated (size to weight)	64	3.9	NA	39	NA	NA	NA	NA	NA	NA	0.014	NA	104	0.013099999999999999	0.039	1.4000000000000001e-4	-1.408935392973501	-1.8827287043442358	-3.853871964321762	dwarf oyster	Ostreidae	Ostreoida	Bivalvia	Mollusca	2	1539	85	4624	0.0206275	0.0026217	0.127097	-0.0619183	0	689841.376315217	322079.245829422	36.00157333332	Ostreola
Pan troglodytes	45000	NA	53	79.6	NA	28	0.0027	NA	53	59.4	NA	53	45.7	NA	53	45	0.7959999999999999	0.457	-0.09908693226233099	1.6532125137753437	-0.34008379993014975	NA	NA	NA	NA	NA	NA	NA	NA	NA	NA	NA	NA	NA	NA	NA	NA	NA	Pan
Parus caeruleus	10.3	NA	53	11.5	NA	40	0.0247	NA	123	14.6	NA	53	11.5	As adult size	NA	0.0103	0.115	0.115	-0.9393021596463883	-1.9871627752948278	-0.9393021596463883	blue tit	Paridae	Passeriformes	Aves	Chordata	10	1856	69	4893	0.00534488	7.37193e-4	0.137925	0.0287238	0	5298582.68129001	513380.126627175	58.2044259636461	Parus
Pectinaria koreni	0.258	NA	65	2.5	NA	41	1170	NA	124	1.42	NA	82	0.0063	NA	65	2.58e-4	0.025	6.3e-5	-1.6020599913279623	-3.58838029403677	-4.200659450546418	trumpet worm	Pectinariidae	Terebellida	Polychaeta	Annelida	2	2029	72	8938	0.0438453	0.00201947	0.0460589	0.0110392	0	3582325.41847479	879482.505340409	54.5198132093023	Pectinaria
Pectinaria koreni	0.258	NA	65	2.5	NA	41	1170	NA	124	1.42	NA	82	0.0063	NA	65	2.58e-4	0.025	6.3e-5	-1.6020599913279623	-3.58838029403677	-4.200659450546418	trumpet worm	Pectinariidae	Terebellida	Polychaeta	Annelida	6	804	60	2300	0.0132779	7.38225e-4	0.0555981	-0.00263137	0	3582325.41847479	874271.826678704	54.5447099222222	Pectinaria
Pectinaria koreni	0.258	NA	65	2.5	NA	41	1170	NA	124	1.42	NA	82	0.0063	NA	65	2.58e-4	0.025	6.3e-5	-1.6020599913279623	-3.58838029403677	-4.200659450546418	trumpet worm	Pectinariidae	Terebellida	Polychaeta	Annelida	2	2029	72	8938	0.0438453	0.00201947	0.0460589	0.0110392	0	3582325.41847479	879482.505340409	54.5198132093023	Pectinaria
Pectinaria koreni	0.258	NA	65	2.5	NA	41	1170	NA	124	1.42	NA	82	0.0063	NA	65	2.58e-4	0.025	6.3e-5	-1.6020599913279623	-3.58838029403677	-4.200659450546418	trumpet worm	Pectinariidae	Terebellida	Polychaeta	Annelida	6	804	60	2300	0.0132779	7.38225e-4	0.0555981	-0.00263137	0	3582325.41847479	874271.826678704	54.5447099222222	Pectinaria
Pheidole pallidula	0.03	Estimates from L. niger weight	66	0.8	Measured (queen)	NA	1.22	NA	125	15	Pogonomyrmex barbatus	80	0.8	As adult size	NA	2.9999999999999997e-5	0.008	0.008	-2.0969100130080562	-4.522878745280337	-2.0969100130080562	big-headed ant	Formicidae	Hymenoptera	Insecta	Arthropoda	4	9121	356	28221	0.00309237	5.30746e-4	0.171631	0.345536	0	1654028.52569485	331922.424742655	44.056265564	Pheidole
Physa acuta	0.0095	NA	67	0.85	NA	42	14.2	NA	126	1.5	NA	83	0.05	NA	105	9.5e-6	0.0085	5e-4	-2.070581074285707	-5.022276394711152	-3.3010299956639813	bladder snail	Physidae	"NA"	Gastropoda	Mollusca	9	3107	84	39251	0.0317507	0.00226422	0.0713124	0.233858	1	19405539.9736579	5752043.33121794	14.3801610778788	Physa
Physa gyrina	0.0095	NA	67	1.55	NA	42	14.2	P. acuta	126	1.5	P. acuta	83	0.05	NA	105	9.5e-6	0.0155	5e-4	-1.8096683018297086	-5.022276394711152	-3.3010299956639813	bladder snail	Physidae	"NA"	Gastropoda	Mollusca	2	2368	115	9095	0.0203538	0.00235481	0.115694	0.370746	0	13075935.2741503	1248091.28551402	40.4622539537705	Physa
Propithecus coquereli	4000	NA	53	46.3	NA	43	0.0027	NA	43	31	NA	53	NA	NA	NA	4	0.46299999999999997	NA	-0.3344190089820469	0.6020599913279624	NA	NA	NA	NA	NA	NA	NA	NA	NA	NA	NA	NA	NA	NA	NA	NA	NA	NA	Propithecus
Reticulitermes flavipes	0.0155	NA	68	4.75	NA	44	2.74	NA	127128	30	R. hesperus	80	4.75	As adult size	NA	1.55e-5	0.0075	0.0475	-1.3233063903751334	-4.809668301829708	-1.3233063903751334	eastern subterranean termite	Rhinotermitidae	Isoptera	Insecta	Arthropoda	2	16442	182	16928	0.00255644	6.14588e-4	0.240408	-0.00815044	0	8321779.21450332	3597810.5113281	41.6046849375	Reticulitermes
Reticulitermes grassei	0.0155	NA	68	4.75	NA	44	2.74	NA	127128	30	R. hesperus	80	4.75	As adult size	NA	1.55e-5	0.005	0.0475	-1.3233063903751334	-4.809668301829708	-1.3233063903751334	subterranean termite	Rhinotermitidae	Isoptera	Insecta	Arthropoda	9	8412	119	8379	0.00112279	2.32282e-4	0.206878	0.261382	0	576716.247707185	282192.626259212	44.5516367555556	Reticulitermes
Reticulitermes lucifugus	0.0155	NA	68	4.75	NA	44	2.74	NA	127128	30	R. hesperus	80	4.75	As adult size	NA	1.55e-5	0.0475	0.0475	-1.3233063903751334	-4.809668301829708	-1.3233063903751334	subterranean termite	Rhinotermitidae	Isoptera	Insecta	Arthropoda	2	16378	174	8804	0.00121422	4.20717e-4	0.346492	0.15464	0	18959.2192580326	9479.6096290163	43.35303	Reticulitermes
Sepia officinalis	1000	Personal Communication (L. Bonnaud)	NA	22	NA	45	2.2	NA	129	2	NA	84	2	NA	106	1	0.22	0.02	-0.6575773191777937	0	-1.6989700043360187	common cuttlefish	Sepiidae	Sepiida	Cephalopoda	Mollusca	9	6664	115	7393	0.00212886	1.98153e-4	0.0930791	0.233154	0	10844271.0968594	1459625.13919581	44.6497235503794	Sepia
Thymelicus lineola	NA	NA	NA	1.3	NA	33	13.2	NA	85130	1	NA	85	0.0771	NA	33	NA	0.013000000000000001	7.71e-4	-1.8860566476931633	NA	-3.1129456219490432	Essex skipper	Hesperiidae	Lepidoptera	Insecta	Arthropoda	5	9800	174	127668	0.0316444	0.00157949	0.0499137	0.0625979	0	10477138.5760525	1717649.3974122	56.8942937547322	Thymelicus
Thymelicus sylvestris	NA	NA	NA	1.36	NA	33	13.2	T. lineola	85130	1	NA	85	0.0899	NA	33	NA	0.013600000000000001	8.99e-4	-1.8664610916297824	NA	-3.0462403082667713	small skipper	Hesperiidae	Lepidoptera	Insecta	Arthropoda	7	13262	164	171934	0.0227798	0.00148765	0.0653053	0.0931063	0	3044869.19823208	356697.933734901	53.1206885441078	Thymelicus
Trachemys scripta	240	NA	53	20.7	NA	33	0.0822	NA	131	41.3	NA	53	3.39	NA	107	0.24	0.207	0.0339	-0.6840296545430823	-0.619788758288394	-1.469800301796918	pond slider	Emydidae	Testudines	"NA"	Chordata	2	2124	112	4171	0.00909918	0.00154465	0.169758	-0.117794	1	19252764.3490099	3329894.36538401	33.7597429399834	Trachemys
Tripylus abatoides	NA	NA	NA	3.8	NA	46	NA	NA	NA	NA	NA	NA	0.2	As Abatus cordatus	NA	NA	0.038	0.002	-1.4202164033831899	NA	-2.6989700043360187	heart urchin	Schizasteridae	Spatangoida	Echnoidea	Echinodermata	2	2422	158	7969	0.0087074	0.00264682	0.303974	-0.358924	0	6631172.34273486	2340370.15618522	66.5636732096774	Tripylus
Tupaia belangeri	200	NA	53	18.5	NA	28	0.0205	NA	53	11.1	NA	53	9.75	NA	53	0.2	0.185	0.0975	-0.7328282715969862	-0.6989700043360187	-1.0109953843014632	NA	NA	NA	NA	NA	NA	NA	NA	NA	NA	NA	NA	NA	NA	NA	NA	NA	Tupaia
Varecia variegata	3670	NA	53	54.7	NA	28	0.006	NA	53	37	NA	53	51.3	NA	53	3.67	0.547	0.513	-0.2620126736665692	0.5646660642520893	-0.2898826348881837	NA	NA	NA	NA	NA	NA	NA	NA	NA	NA	NA	NA	NA	NA	NA	NA	NA	Varecia
